Restaurant name,Menu name,Image,Price,Tag
kub kao kub pla,"Box of joy set A 
(‡∏Ç‡πâ‡∏≤‡∏ß‡∏™‡∏ß‡∏¢ + ‡πÉ‡∏ö‡πÄ‡∏´‡∏•‡∏µ‡∏¢‡∏á‡∏ú‡∏±‡∏î‡πÑ‡∏Ç‡πà + ‡∏Ç‡∏≤‡∏´‡∏°‡∏π‡∏Ñ‡∏≤‡∏£‡∏≤‡πÄ‡∏°‡∏• + ‡∏™‡∏∞‡∏ï‡∏≠‡∏ú‡∏±‡∏î‡∏Å‡∏∏‡πâ‡∏á‡∏Å‡∏∞‡∏õ‡∏¥+ ‡πÑ‡∏Ç‡πà‡∏ï‡πâ‡∏°‡∏¢‡∏≤‡∏á‡∏°‡∏∞‡∏ï‡∏π‡∏°)",,259,rice
kub kao kub pla,"Box of joy set B
(‡∏Ç‡πâ‡∏≤‡∏ß‡∏™‡∏ß‡∏¢ + ‡∏´‡∏°‡∏π‡∏ú‡∏±‡∏î‡∏Å‡∏∞‡∏õ‡∏¥ + ‡∏î‡∏≠‡∏Å‡∏Ç‡∏à‡∏£‡∏ú‡∏±‡∏î‡πÑ‡∏Ç‡πà‡πÉ‡∏™‡πà‡∏ß‡∏∏‡πâ‡∏ô‡∏Å‡∏∏‡πâ‡∏á‡πÄ‡∏™‡∏µ‡∏¢‡∏ö + ‡πÅ‡∏Å‡∏á‡∏™‡πâ‡∏°‡∏ä‡∏∞‡∏≠‡∏°‡πÑ‡∏Ç‡πà‡∏ó‡∏≠‡∏î‡∏î‡∏≠‡∏Å‡∏Ç‡∏à‡∏£‡∏Å‡∏∏‡πâ‡∏á‡∏™‡∏î+ ‡πÑ‡∏Ç‡πà‡∏ï‡πâ‡∏°‡∏¢‡∏≤‡∏á‡∏°‡∏∞‡∏ï‡∏π‡∏°)",,259,rice
kub kao kub pla,"Box of joy set E
(‡∏Ç‡πâ‡∏≤‡∏ß‡∏™‡∏ß‡∏¢ + ‡∏Ñ‡∏±‡πà‡∏ß‡∏Å‡∏•‡∏¥‡πâ‡∏á‡∏Å‡∏£‡∏∞‡∏î‡∏π‡∏Å‡∏´‡∏°‡∏π‡∏≠‡πà‡∏≠‡∏ô + ‡∏ï‡πâ‡∏°‡∏¢‡∏≥‡∏Å‡∏∏‡πâ‡∏á‡∏ô‡πâ‡∏≥‡∏Ç‡πâ‡∏ô + ‡πÑ‡∏Ç‡πà‡πÄ‡∏à‡∏µ‡∏¢‡∏ß‡∏õ‡∏π + ‡∏Å‡∏∏‡∏ô‡πÄ‡∏ä‡∏µ‡∏¢‡∏á‡∏ó‡∏≠‡∏î)",,259,rice
kub kao kub pla,"‡∏Ç‡πâ‡∏≤‡∏ß‡πÑ‡∏Ç‡πà‡∏Ç‡πâ‡∏ô‡∏™‡∏ï‡∏π‡∏ß‡πÄ‡∏ô‡∏∑‡πâ‡∏≠‡∏ß‡∏±‡∏ß
(Rice topped with ox tongue stew and scrambled egg)",,285,rice
kub kao kub pla,"‡∏Ç‡πâ‡∏≤‡∏ß‡πÑ‡∏Ç‡πà‡∏Ç‡πâ‡∏ô‡∏´‡∏°‡∏π‡∏Å‡∏£‡∏≠‡∏ö‡∏Ñ‡∏±‡πà‡∏ß‡∏û‡∏£‡∏¥‡∏Å‡πÄ‡∏Å‡∏•‡∏∑‡∏≠
(Rice topped with stir-fried crispy pork with chili & salt and scrambled egg)",,285,rice
kub kao kub pla,"‡∏Ç‡πâ‡∏≤‡∏ß‡πÑ‡∏Ç‡πà‡∏Ç‡πâ‡∏ô‡πÄ‡∏ô‡∏∑‡πâ‡∏≠‡∏Å‡∏£‡∏∞‡πÄ‡∏ó‡∏µ‡∏¢‡∏°‡∏û‡∏£‡∏¥‡∏Å‡πÑ‡∏ó‡∏¢
(Rice topped with stir-fried beef, garlic and scramble egg)",,285,rice
kub kao kub pla,"‡∏Ç‡πâ‡∏≤‡∏ß‡∏ú‡∏±‡∏î‡∏Ñ‡∏±‡πà‡∏ß‡∏Å‡∏•‡∏¥‡πâ‡∏á‡∏Å‡∏£‡∏∞‡∏î‡∏π‡∏Å‡∏´‡∏°‡∏π
(Stir-fried pork ribs and yellow curry paste with rice)",,250,rice
kub kao kub pla,"‡∏Ç‡πâ‡∏≤‡∏ß‡∏ú‡∏±‡∏î‡∏´‡∏°‡∏π‡πÄ‡∏Å‡∏≤‡∏´‡∏•‡∏µ
(Stir-fried pork with Korean sauce topped with rice)",,235,rice
kub kao kub pla,"‡∏Ç‡πâ‡∏≤‡∏ß‡∏ú‡∏±‡∏î‡∏ï‡πâ‡∏°‡∏¢‡∏≥‡πÅ‡∏´‡πâ‡∏á‡∏´‡∏°‡∏π‡∏´‡∏ß‡∏≤‡∏ô
(Stir-fried sweet pork & rice with tom yum paste)",,235,rice
kub kao kub pla,"‡∏Ç‡πâ‡∏≤‡∏ß‡∏ú‡∏±‡∏î‡πÑ‡∏ï‡∏õ‡∏•‡∏≤‡πÅ‡∏´‡πâ‡∏á‡∏Å‡∏∏‡∏ô‡πÄ‡∏ä‡∏µ‡∏¢‡∏á 
(Fried rice mixed with southern style fish curry and chinese sausage)",,225,rice
kub kao kub pla,"‡∏Ç‡πâ‡∏≤‡∏ß‡∏´‡∏ô‡πâ‡∏≤‡∏Å‡∏∏‡πâ‡∏á‡∏û‡∏£‡∏¥‡∏Å‡∏Ç‡∏µ‡πâ‡∏´‡∏ô‡∏π
(Stir-fried hot chilli prawns topped with rice)",,255,rice
kub kao kub pla,"‡∏Ç‡πâ‡∏≤‡∏ß‡πÑ‡∏Ç‡πà‡∏Ç‡πâ‡∏ô‡∏õ‡∏•‡∏≤‡∏´‡∏°‡∏∂‡∏Å‡∏ú‡∏±‡∏î‡∏û‡∏£‡∏¥‡∏Å‡πÄ‡∏ú‡∏≤
(Rice topped with stir-fried squid with chili paste and scramble egg)",,265,rice
kub kao kub pla,"‡∏™‡∏õ‡∏≤‡πÄ‡∏Å‡∏ï‡∏ï‡∏µ‡πâ‡∏ã‡∏≠‡∏™‡πÄ‡∏ô‡∏∑‡πâ‡∏≠
(Spaghetti bolognese)",,265,noodle
kub kao kub pla,"‡∏≠‡∏π‡∏î‡πâ‡∏á‡∏Ñ‡∏≤‡πÇ‡∏ö‡∏ô‡∏≤‡∏£‡πà‡∏≤‡∏Å‡∏∏‡πâ‡∏á‡∏ã‡∏≠‡∏™‡∏Ñ‡∏£‡∏µ‡∏°‡πÑ‡∏Ç‡πà‡∏Å‡∏∏‡πâ‡∏á
(Udon carbonara with shrimp and Ebiko cream sauce)",,245,noodle
kub kao kub pla,"‡∏™‡∏õ‡∏≤‡πÄ‡∏Å‡∏ï‡∏ï‡∏µ‡πâ‡∏Ñ‡∏≤‡πÇ‡∏ö‡∏ô‡∏≤‡∏£‡πà‡∏≤
(Spaghetti carbonara)",,250,noodle
kub kao kub pla,"‡∏°‡∏±‡∏Å‡∏Å‡∏∞‡πÇ‡∏£‡∏ô‡∏µ ‡πÅ‡∏Æ‡∏° ‡∏Å‡∏∏‡πâ‡∏á
(Macaroni and cheese with shrimps and ham)",,250,noodle
kub kao kub pla,"‡∏Ç‡πâ‡∏≤‡∏ß‡∏ú‡∏±‡∏î‡πÄ‡∏´‡πá‡∏î‡∏´‡∏≠‡∏°‡∏™‡∏î
(Stir-fried fresh shiitake mushroom topped with rice)",,190,vegan
kub kao kub pla,"‡∏ú‡∏±‡∏î‡∏ã‡∏µ‡∏≠‡∏¥‡πã‡∏ß‡∏°‡∏±‡∏á
(Stir-fried noodles soy sauce with vegetable and tofu)",,180,vegan
kub kao kub pla,"‡∏ú‡∏±‡∏î‡πÑ‡∏ó‡∏¢‡∏°‡∏±‡∏á
(Pad Thai vegetarian style)",,190,vegan
kub kao kub pla,"‡∏Å‡∏∞‡πÄ‡∏û‡∏£‡∏≤‡∏°‡∏±‡∏á
(Rice topped with stir-fried Thai basil (vegetarian style))",,195,vegan
kub kao kub pla,"‡∏£‡∏≤‡∏î‡∏´‡∏ô‡πâ‡∏≤‡πÄ‡∏ú‡∏∑‡∏≠‡∏Å‡∏ó‡∏≠‡∏î
(Rice noodles with deep-fried taros and mixed vegetables in thick sauce)",,220,vegan
SanYod,"‡∏ú‡∏±‡∏î‡∏ã‡∏µ‡∏≠‡∏¥‡πã‡∏ß‡∏Ñ‡∏∞‡∏ô‡πâ‡∏≤‡∏Æ‡πà‡∏≠‡∏á‡∏Å‡∏á
(Stri-fried noodles soy sauce with meat)",,185,‡πÄ‡∏™‡πâ‡∏ô
SanYod,"‡πÄ‡∏™‡πâ‡∏ô‡∏´‡∏°‡∏µ‡πà‡∏ú‡∏±‡∏î‡∏Å‡∏£‡∏∞‡πÄ‡∏â‡∏î‡∏Å‡∏∏‡πâ‡∏á
(Stir-fried vermicelli with water mimosa)",,210,‡πÄ‡∏™‡πâ‡∏ô
SanYod,"‡∏Ç‡πâ‡∏≤‡∏ß‡∏ú‡∏±‡∏î‡∏´‡∏¢‡∏≤‡∏á‡πÇ‡∏à‡∏ß
(Stir-fried rice with Shrimp and bbq pork)",,160,‡∏Ç‡πâ‡∏≤‡∏ß
SanYod,"‡∏Ç‡πâ‡∏≤‡∏ß‡∏ï‡πâ‡∏°‡∏Å‡∏∏‡πâ‡∏á
(Rice Soup With Shrimps)",,175,‡∏Ç‡πâ‡∏≤‡∏ß
SanYod,"‡∏´‡∏°‡∏µ‡πà‡∏Æ‡∏Å‡πÄ‡∏Å‡∏µ‡πâ‡∏¢‡∏ô
(Stir Fried Noodle With Crab Meat In Oyster Sauce)",,260,‡πÄ‡∏™‡πâ‡∏ô
SanYod,"‡∏´‡∏°‡∏µ‡πà‡∏Æ‡∏Å‡πÄ‡∏Å‡∏µ‡πâ‡∏¢‡∏ô‡∏ú‡∏±‡∏î‡∏ã‡∏≠‡∏™‡πÄ‡∏õ‡πá‡∏î‡∏¢‡πà‡∏≤‡∏á
(Stir Fried Noodle With Duck, Bell Peppers In Roast Duck Sauce)",,185,‡πÄ‡∏™‡πâ‡∏ô
SanYod,"‡πÇ‡∏Å‡∏¢‡∏ã‡∏µ‡∏´‡∏°‡∏µ‡πà‡∏ú‡∏±‡∏î‡πÅ‡∏´‡πâ‡∏á‡∏õ‡∏π
(Stir Fried Noodle With Crab Meat In Oyster Sauce)",,210,‡πÄ‡∏™‡πâ‡∏ô
shari shari,Salmon BLT (Full),,288,Wrap
shari shari,Tempura Mango & Mentaiko,,288,Wrap
shari shari,Bulgogi Buddy (Grilled Beef Ribeye),,228,Wrap
shari shari,Tuna Cream Cheese ,,288,Wrap
shari shari,Poke Bowl,,255,Poke bowl
shari shari,Salmon BLT salad,,268,salad
shari shari,Salsa Tofu Salad,,190,salad
shari shari,Fiery Tuna Salad ,,268,salad
So vegan,"‡∏Ç‡πâ‡∏≤‡∏ß‡πÅ‡∏´‡πâ‡∏á‡πÄ‡∏´‡πá‡∏î
(rice topped‚Äã w/stir‚Äã fried‚Äã mushroom's‚Äã stripe‚Äã&minced‚Äã porkless‚Äã)",,85,Vegan
So vegan,"‡∏Å‡∏∞‡πÄ‡∏û‡∏£‡∏≤‡πÇ‡∏ö‡∏£‡∏≤‡∏ì‡πÄ‡∏à
(rice w/stir‚Äã fried‚Äã porkless‚Äã and basil)",,85,Vegan
sook sathon vegan,"‡∏Ç‡πâ‡∏≤‡∏ß‡∏Å‡∏•‡πâ‡∏≠‡∏á‡∏Å‡∏∞‡πÄ‡∏û‡∏£‡∏≤‡∏Ñ‡∏±‡πà‡∏ß‡∏û‡∏£‡∏¥‡∏Å‡πÅ‡∏´‡πâ‡∏á‡πÄ‡∏à
(J Rice with plant-based, basil and dried chili)",,149,Vegan
sook sathon vegan,"‡∏£‡∏≤‡∏î‡∏´‡∏ô‡πâ‡∏≤‡∏Ñ‡∏∞‡∏ô‡πâ‡∏≤‡∏Æ‡πà‡∏≠‡∏á‡∏Å‡∏á
(Chinese gravy soup served with fried noodles 
(Plant-based meat, tofu and Hong Kong kale))",,179,Vegan
sook sathon vegan,"‡∏Å‡πã‡∏ß‡∏¢‡∏à‡∏±‡πä‡∏ö‡∏™‡∏∏‡∏Ç
(Chinese noodles soup with tofu and mushroom stew)",,119,Vegan
wraptor,Quesadilla smoky beef,,240.00,
yayoi,"‡πÄ‡∏ã‡∏ï‡∏™‡πÄ‡∏ï‡πá‡∏Å‡∏´‡∏°‡∏π‡∏Å‡∏£‡∏∞‡∏ó‡∏∞‡∏£‡πâ‡∏≠‡∏ô
(Diced Pork Steak on Hot Plate Set)",,249,rice
yayoi,"‡πÄ‡∏ã‡∏ï‡∏´‡∏°‡∏π‡∏ä‡∏∏‡∏õ‡πÅ‡∏õ‡πâ‡∏á‡∏ó‡∏≠‡∏î‡∏£‡∏≤‡∏î‡∏ã‡∏≠‡∏™‡∏°‡∏¥‡πÇ‡∏ã‡∏∞
(Simmered Pork Cutlet in Miso Sauce Set)",,235,rice
yayoi,"‡πÄ‡∏ã‡∏ï‡∏ä‡∏µ‡∏™‡πÄ‡∏ö‡∏≠‡∏£‡πå‡πÄ‡∏Å‡∏≠‡∏£‡πå‡∏´‡∏°‡∏π‡∏ä‡∏∏‡∏õ‡πÅ‡∏õ‡πâ‡∏á‡∏ó‡∏≠‡∏î
(Fried Pork Cutlet with Cheese Filling Set)",,245,rice
yayoi,"‡πÄ‡∏ã‡∏ï‡∏õ‡∏•‡∏≤‡∏ã‡∏≤‡∏ö‡∏∞‡∏¢‡πà‡∏≤‡∏á‡πÄ‡∏Å‡∏•‡∏∑‡∏≠‡∏Å‡∏£‡∏∞‡∏ó‡∏∞‡∏£‡πâ‡∏≠‡∏ô
(Grilled Mackerel with Salt Set)",,249,rice
yayoi,"‡∏Ç‡πâ‡∏≤‡∏ß‡∏£‡∏≤‡∏î‡∏´‡∏ô‡πâ‡∏≤‡∏´‡∏°‡∏π‡∏ä‡∏∏‡∏õ‡πÅ‡∏õ‡πâ‡∏á‡∏ó‡∏≠‡∏î
(Rice Topped with Fried Pork Cutlet and Egg)",,229,rice
yayoi,"‡∏Ç‡πâ‡∏≤‡∏ß‡∏£‡∏≤‡∏î‡∏´‡∏ô‡πâ‡∏≤‡πÅ‡∏Å‡∏á‡∏Å‡∏∞‡∏´‡∏£‡∏µ‡πà‡∏´‡∏°‡∏π‡∏ä‡∏µ‡∏™‡πÄ‡∏ö‡∏≠‡∏£‡πå‡πÄ‡∏Å‡∏≠‡∏£‡πå
(Japanese Curry, Rice, and Fried Pork Cutlet with Cheese Filling)",,255,rice
yayoi,"‡∏£‡∏≤‡πÄ‡∏°‡πá‡∏á‡πÅ‡∏ä‡∏°‡∏õ‡πå‡πÄ‡∏õ‡∏µ‡πâ‡∏¢‡∏ô
(Yayoi Ramen Champion)",,199,noodle
yayoi,"‡πÄ‡∏ã‡∏ï‡∏õ‡∏•‡∏≤‡∏ã‡∏≤‡∏ö‡∏∞‡∏¢‡πà‡∏≤‡∏á‡∏ã‡∏µ‡∏≠‡∏¥‡πã‡∏ß‡∏Å‡∏£‡∏∞‡∏ó‡∏∞‡∏£‡πâ‡∏≠‡∏ô
(Grilled Mackerel with Teriyaki Sauce Set)",,249,rice
madcow,cheese burger pork,,180,Burger
madcow,cheese burger beef,,180,Burger
yumcha,"‡∏ö‡∏∞‡∏´‡∏°‡∏µ‡πà‡πÄ‡∏Å‡∏µ‡πä‡∏¢‡∏ß‡∏Å‡∏∏‡πâ‡∏á
(Pork & Shrimp Wontons, Egg Noodles, Kales, Fried Egg)",,195,noodle
yumcha,"‡∏Ç‡πâ‡∏≤‡∏ß‡πÑ‡∏Å‡πà‡∏ó‡∏≠‡∏î‡∏û‡∏£‡∏¥‡∏Å‡πÄ‡∏Å‡∏•‡∏∑‡∏≠
(Salt & Pepper Fried Chicken, Garlic Sauce)",,195,rice
‡∏Ñ‡∏£‡∏±‡∏ß‡∏Å‡∏•‡∏¥‡πà‡∏ô‡∏Å‡∏∞‡∏ó‡∏∞,"‡∏Ç‡πâ‡∏≤‡∏ß‡∏î‡πâ‡∏á‡πÄ‡∏ô‡∏∑‡πâ‡∏≠‡∏™‡πÄ‡∏ï‡πä‡∏Å‡∏Å‡∏•‡∏¥‡πà‡∏ô‡∏Å‡∏∞‡∏ó‡∏∞ + ‡πÑ‡∏Ç‡πà‡∏î‡∏≠‡∏Å‡∏ã‡∏µ‡∏≠‡∏¥‡πã‡∏ß
(Gyu Don)",,250,rice
‡∏Ñ‡∏£‡∏±‡∏ß‡∏Å‡∏•‡∏¥‡πà‡∏ô‡∏Å‡∏∞‡∏ó‡∏∞,"‡∏Ç‡πâ‡∏≤‡∏ß‡∏ú‡∏±‡∏î‡πÑ‡∏Ç‡πà‡∏Å‡∏•‡∏¥‡πà‡∏ô‡∏Å‡∏∞‡∏ó‡∏∞ + ‡πÄ‡∏ô‡∏∑‡πâ‡∏≠‡∏™‡πÄ‡∏ï‡πá‡∏Å‡∏¢‡πà‡∏≤‡∏á
(Egg Fried Rice)",,190,rice
‡∏Ñ‡∏£‡∏±‡∏ß‡∏Å‡∏•‡∏¥‡πà‡∏ô‡∏Å‡∏∞‡∏ó‡∏∞,"‡πÄ‡∏ô‡∏∑‡πâ‡∏≠‡∏™‡∏±‡∏ö‡∏ú‡∏±‡∏î‡∏Å‡∏£‡∏∞‡πÄ‡∏û‡∏£‡∏≤‡∏Å‡∏•‡∏¥‡πà‡∏ô‡∏Å‡∏∞‡∏ó‡∏∞‡∏£‡∏≤‡∏î‡∏Ç‡πâ‡∏≤‡∏ß
(Rice topped with stir-fried basil minced Wagyu)",,120,rice
‡∏Ñ‡∏£‡∏±‡∏ß‡∏Å‡∏•‡∏¥‡πà‡∏ô‡∏Å‡∏∞‡∏ó‡∏∞,"‡∏Ç‡πâ‡∏≤‡∏ß‡∏´‡∏°‡∏π‡∏Å‡∏£‡∏≠‡∏ö‡∏Ñ‡∏±‡πà‡∏ß‡∏û‡∏£‡∏¥‡∏Å‡πÄ‡∏Å‡∏•‡∏∑‡∏≠‡∏Å‡∏•‡∏¥‡πà‡∏ô‡∏Å‡∏∞‡∏ó‡∏∞
(Rice topped with stir-fried vegan crispy pork with salt and chili)",,170,rice
coco ichobanya,Pork Cutlet Omelet,,265,rice
coco ichobanya,Hamburg with Cheese curry,,295,rice
LELE by mai anh,"‡πÄ‡∏ù‡∏≠‡πÄ‡∏ô‡∏∑‡πâ‡∏≠ 
(Pho noodles with sliced beef)",,229,noodle
LELE by mai anh,"‡∏Å‡πã‡∏ß‡∏¢‡∏à‡∏±‡πä‡∏ö‡∏ç‡∏ß‡∏ô
(Guay Jub Yuan)",,179,noodle
LELE by mai anh,"‡∏Å‡πã‡∏ß‡∏¢‡πÄ‡∏ï‡∏µ‡πã‡∏¢‡∏ß‡∏´‡∏•‡∏≠‡∏î
(Rice noodle roll)",,170,noodle
LELE by mai anh,"‡πÅ‡∏´‡∏ô‡∏°‡πÄ‡∏ô‡∏∑‡∏≠‡∏á‡∏´‡πà‡∏≠‡∏™‡∏≥‡πÄ‡∏£‡πá‡∏à
(Nem Nuong)",,195,Roll
Pizza company,"‡∏ä‡∏µ‡∏™‡∏ã‡∏µ‡πà‡∏û‡∏±‡∏ü ‡∏Å‡∏∏‡πâ‡∏á‡πÅ‡∏•‡∏∞‡πÄ‡∏ö‡∏Ñ‡∏≠‡∏ô
(Shrimp bacon cheesy puff)",,169,Pizza
Pizza company,"‡∏û‡∏¥‡∏ã‡∏ã‡πà‡∏≤‡∏û‡∏±‡∏ü ‡∏ó‡∏£‡∏¥‡∏õ‡πÄ‡∏õ‡∏¥‡πâ‡∏• ‡∏°‡∏µ‡∏ó
(Pizza Puff Triple Meat)",,169,Pizza
‡∏ã‡πâ‡∏á,"‡∏Ç‡πâ‡∏≤‡∏ß‡∏´‡∏ô‡πâ‡∏≤‡πÄ‡∏õ‡πá‡∏î‡∏û‡∏∞‡πÇ‡∏•‡πâ
(Stewed Duck on Rice)",,90,rice
‡∏ã‡πâ‡∏á,"‡πÅ‡∏Ç‡∏ô‡∏á‡∏´‡∏°‡∏π‡∏Å‡∏£‡∏≠‡∏ö‡∏£‡∏≤‡∏î‡∏Ç‡πâ‡∏≤‡∏ß
(Stir-Fried Baby Cabbage with Crispy Pork on Rice)",,80,rice
‡∏ã‡πâ‡∏á,"‡∏Ç‡πâ‡∏≤‡∏ß‡∏´‡∏ô‡πâ‡∏≤‡πÑ‡∏Ç‡πà‡∏¢‡∏π‡πà‡∏¢‡∏µ‡πà‡∏Å‡∏∏‡πâ‡∏á
(Thai Scrambled eggs with shrimp)",,130,rice
‡πÇ‡∏£‡∏á‡∏™‡∏µ‡πÇ‡∏†‡∏ä‡∏ô‡∏≤,"‡∏Ç‡πâ‡∏≤‡∏ß‡∏Å‡∏∏‡πâ‡∏á‡∏ú‡∏±‡∏î‡∏û‡∏£‡∏¥‡∏Å‡∏Ç‡∏µ‡πâ‡∏´‡∏ô‡∏π
(Rice topped with stir-fried shrimp with bird chili and garlic)",,240,rice
‡πÇ‡∏£‡∏á‡∏™‡∏µ‡πÇ‡∏†‡∏ä‡∏ô‡∏≤,"‡πÇ‡∏Å‡∏¢‡∏ã‡∏µ‡∏´‡∏°‡∏µ‡πà
(Chinese style deep fried egg noodles in thick sauce)",,215,Noodle
coffee bean by dao,"‡∏Ç‡πâ‡∏≤‡∏ß‡∏ã‡∏≠‡∏¢‡πÑ‡∏Å‡πà
(Northern Thai Curry Noodle Soup w. Chicken)",,250,Noodle
coffee bean by dao,"‡∏Å‡πã‡∏ß‡∏¢‡πÄ‡∏ï‡∏µ‡πã‡∏¢‡∏ß‡∏•‡∏∏‡∏¢‡∏™‡∏ß‡∏ô
(Wrapped Noodle Pork Shrimp & Fresh Herbs)",,200,Noodle
coffee bean by dao,"‡∏Ç‡πâ‡∏≤‡∏ß‡∏Ñ‡∏•‡∏∏‡∏Å‡∏Å‡∏∞‡∏õ‡∏¥
(Shrimp Paste Fried Rice W. Sweet Pork)",,240,Rice
FamTime,"‡πÄ‡∏ü‡∏ï‡∏ï‡∏π‡∏ä‡∏¥‡∏ô‡∏µ‡∏Ñ‡∏≤‡πÇ‡∏ö‡∏ô‡∏≤‡∏£‡πà‡∏≤
(Fettuccine Cabonara)",,215,Noodle
FamTime,"‡∏°‡∏±‡∏Å‡∏Å‡∏∞‡πÇ‡∏£‡∏ô‡∏µ‡∏≠‡∏ö‡∏ä‡∏µ‡∏™
(Mac and Cheese)",,198,Noodle
FamTime,‡∏Ç‡πâ‡∏≤‡∏ß‡∏ú‡∏±‡∏î‡∏™‡πÄ‡∏ï‡πá‡∏Å‡∏´‡∏°‡∏π‡∏ô‡πâ‡∏≥‡∏à‡∏¥‡πâ‡∏°‡πÅ‡∏à‡πà‡∏ß,,149,rice
FamTime,"‡∏Ç‡πâ‡∏≤‡∏ß‡∏ú‡∏±‡∏î‡∏Å‡∏∞‡πÄ‡∏û‡∏£‡∏≤‡πÅ‡∏ã‡∏•‡∏°‡∏≠‡∏ô
(Kra Pao Salmon)",,215,rice
FamTime,"‡∏Ç‡πâ‡∏≤‡∏ß‡∏ú‡∏±‡∏î‡∏Å‡∏∞‡πÄ‡∏û‡∏£‡∏≤‡∏™‡πÄ‡∏ï‡πá‡∏Å‡∏´‡∏°‡∏π
(Kra Pao Pork)",,155,rice
FamTime,"‡∏™‡πÄ‡∏ï‡πá‡∏Å‡∏´‡∏°‡∏π‡∏û‡∏£‡∏¥‡∏Å‡πÑ‡∏ó‡∏¢‡∏î‡∏≥ 
(Pepper Pork Steak)",,225,Stake
FamTime,"‡∏™‡πÄ‡∏ï‡πá‡∏Å‡∏´‡∏°‡∏π‡∏ã‡∏≠‡∏™‡∏ö‡∏≤‡∏£‡πå‡∏ö‡∏µ‡∏Ñ‡∏¥‡∏ß+‡∏°‡∏±‡∏ô‡πÄ‡∏ß‡∏à‡∏≠‡∏ö‡∏ä‡∏µ‡∏™ 
(Barbecue Pork Steak with Wedges Potato)",,235,Stake
FamTime,"‡πÄ‡∏ü‡∏ï‡∏ï‡∏π‡∏ä‡∏¥‡∏ô‡∏µ‡∏ú‡∏±‡∏î‡∏ã‡∏≠‡∏™‡∏û‡∏£‡∏¥‡∏Å‡∏®‡∏£‡∏µ‡∏£‡∏≤‡∏ä‡∏≤‡πÑ‡∏Å‡πà‡∏¢‡πà‡∏≤‡∏á 
(Fettuccine Grilled Chicken Sriracha Sauce)",,178,Noodle
FamTime,"‡∏™‡∏•‡∏±‡∏î‡πÅ‡∏ã‡∏•‡∏°‡∏≠‡∏ô‡∏Å‡∏£‡∏¥‡∏•‡∏•‡πå‡∏ô‡πâ‡∏≥‡∏™‡∏•‡∏±‡∏î‡∏ö‡∏±‡∏•‡∏ã‡∏≤‡∏°‡∏¥‡∏Ñ 
(Grilled Salmon Salad with Balsamic Dressing)",,215,salad
FamTime,"‡πÄ‡∏Ñ‡∏ã‡∏≤‡∏î‡∏¥‡∏•‡∏ç‡πà‡∏≤‡∏ú‡∏±‡∏Å‡πÇ‡∏Ç‡∏°‡πÄ‡∏ö‡∏Ñ‡∏≠‡∏ô 
(Spinach Quesadilla)",,178,
FamTime,"‡∏™‡∏•‡∏±‡∏î‡∏ú‡∏±‡∏Å‡∏¢‡πà‡∏≤‡∏á
(Roasted Veggie with Balsamic Dressing)",,178,salad
FamTime,"‡∏ã‡∏µ‡∏ã‡πà‡∏≤‡∏™‡∏•‡∏±‡∏î 
(Caesar Salad)",,169,salad
Baan Ying,"‡∏Ç‡πâ‡∏≤‡∏ß‡πÑ‡∏Ç‡πà‡∏Ç‡πâ‡∏ô‡πÑ‡∏Å‡πà‡∏ó‡∏≠‡∏î‡∏ã‡∏≠‡∏™‡πÑ‡∏´‡πà‡∏´‡∏ô‡∏≤‡∏ô
(Thai Scrambled eggs with fried chicken)",,175,rice
Baan Ying,"‡∏Ç‡πâ‡∏≤‡∏ß + ‡∏Å‡∏∏‡πâ‡∏á‡∏Ñ‡∏±‡πà‡∏ß‡∏û‡∏£‡∏¥‡∏Å
(Rice + Signature Stire-Fried Shrimp with Chili & Garlic)",,195,rice
Baan Ying,"‡∏Ç‡πâ‡∏≤‡∏ß‡∏ú‡∏±‡∏î‡∏õ‡∏•‡∏≤‡∏ó‡∏π‡∏Å‡∏≤‡∏Å‡∏´‡∏°‡∏π
(Mckerel Fried Rice with Pork Rind)",,180,rice
Baan Ying,"‡∏Ç‡πâ‡∏≤‡∏ß+‡∏Å‡∏∞‡πÄ‡∏û‡∏£‡∏≤‡∏Å‡∏∏‡πâ‡∏á
(Rice + Stir-Fried Shrimp with Basil & Chili (Kra Prao Shrimp))",,190,rice
Baan Ying,"‡∏Ç‡πâ‡∏≤‡∏ß‡∏ú‡∏±‡∏î‡∏™‡∏±‡∏õ‡∏õ‡∏∞‡∏£‡∏î
(Pinneapple Fried Rice with Pinneapple, Shrimp, Cashew Nut & Topped Pork Floss)",,255,rice
Baan Ying,"‡∏Ç‡πâ‡∏≤‡∏ß‡∏ú‡∏±‡∏î‡πÄ‡∏ô‡∏∑‡πâ‡∏≠‡πÄ‡∏Ñ‡πá‡∏°
(Fried rice with salted beef)",,215,rice
mister joe,"‡∏Å‡πã‡∏ß‡∏¢‡∏à‡∏±‡πä‡∏ö‡∏ô‡πâ‡∏≥‡πÉ‡∏™‡πÉ‡∏™‡πà‡∏ó‡∏∏‡∏Å‡∏≠‡∏¢‡πà‡∏≤‡∏á
(Rolled rice paper noodle with crispy pork, mix pork)",,95,Noodle
mister joe,"‡∏´‡∏°‡∏π‡∏Å‡∏£‡∏≠‡∏ö
(Crispy Pork)",,95,
Mhan,"‡∏´‡∏°‡∏µ‡πà‡∏´‡∏°‡∏≤‡∏ô‡πÄ‡∏™‡∏∑‡∏≠‡∏£‡πâ‡∏≠‡∏á‡πÑ‡∏´‡πâ
(Mhan Noodle with Brisket beef)",,199,Noodle
Mhan,"‡∏Ç‡πâ‡∏≤‡∏ß‡∏´‡∏ô‡πâ‡∏≤‡πÄ‡∏ô‡∏∑‡πâ‡∏≠‡πÄ‡∏™‡∏∑‡∏≠‡∏£‡πâ‡∏≠‡∏á‡πÑ‡∏´‡πâ 
(stir fried brisket beef japanese style)",,175,
Mhan,"‡∏Ç‡πâ‡∏≤‡∏ß‡∏´‡∏ô‡πâ‡∏≤‡∏´‡∏°‡∏π‡∏™‡∏≤‡∏°‡∏ä‡∏±‡πâ‡∏ô‡∏ã‡∏≠‡∏™‡∏´‡∏°‡∏≤‡∏ô üå∂Ô∏è (‡∏™‡πÑ‡∏õ‡∏ã‡∏µ‡πà) 
(stir fried pork belly with spicy sauce)
",,149,
Mhan,"‡∏´‡∏°‡∏µ‡πà‡∏´‡∏°‡∏≤‡∏ô‡∏ã‡∏µ‡∏ü‡∏π‡πä‡∏î
(Mhan noodle with Seafood)",,199,Noodle
omu,"(‡πÄ‡∏ô‡∏∑‡πâ‡∏≠) ‡∏Ç‡πâ‡∏≤‡∏ß‡∏´‡πà‡∏≠‡πÑ‡∏Ç‡πà‡∏´‡∏ô‡πâ‡∏≤‡πÄ‡∏ö‡∏≠‡∏£‡πå‡πÄ‡∏Å‡∏≠‡∏£‡πå‡∏£‡∏≤‡∏î‡πÄ‡∏î‡∏°‡∏¥‡∏Å‡∏•‡∏≤‡∏™
(Demiglace sauce omurice with burger (beef))",,256,rice
omu,"(‡∏´‡∏°‡∏π) ‡∏Ç‡πâ‡∏≤‡∏ß‡∏´‡πà‡∏≠‡πÑ‡∏Ç‡πà‡∏´‡∏ô‡πâ‡∏≤‡πÄ‡∏ö‡∏≠‡∏£‡πå‡πÄ‡∏Å‡∏≠‡∏£‡πå‡∏£‡∏≤‡∏î‡πÄ‡∏î‡∏°‡∏¥‡∏Å‡∏•‡∏≤‡∏™
(Demiglace sauce omurice with burger (Pork))",,235,
omu,"‡∏Ç‡πâ‡∏≤‡∏ß‡∏´‡πà‡∏≠‡πÑ‡∏Ç‡πà‡∏´‡∏ô‡πâ‡∏≤‡∏Å‡∏∏‡πâ‡∏á‡∏ó‡∏≠‡∏î‡∏£‡∏≤‡∏î‡∏ã‡∏≠‡∏™‡πÅ‡∏Å‡∏á‡∏Å‡∏∞‡∏´‡∏£‡∏µ‡πà
(Curry sauce omurice with fried shrimps)",,246,rice
omu,"‡∏Ç‡πâ‡∏≤‡∏ß‡∏´‡πà‡∏≠‡πÑ‡∏Ç‡πà‡∏´‡∏ô‡πâ‡∏≤‡∏´‡∏°‡∏π‡∏ó‡∏≠‡∏î‡∏£‡∏≤‡∏î‡∏ã‡∏≠‡∏™‡πÅ‡∏Å‡∏á‡∏Å‡∏∞‡∏´‡∏£‡∏µ‡πà
(Curry sauce omurice with cutlets)",,246,rice
omu,"‡∏Ç‡πâ‡∏≤‡∏ß‡∏´‡πà‡∏≠‡πÑ‡∏Ç‡πà‡∏´‡∏ô‡πâ‡∏≤‡∏Ñ‡∏£‡∏µ‡∏°‡πÇ‡∏Ñ‡πÇ‡∏£‡πÄ‡∏Å‡∏∞‡∏£‡∏≤‡∏î‡∏Ñ‡∏£‡∏µ‡∏°‡∏ã‡∏≠‡∏™
(Cream sauce omurice with cream croquette)",,256,rice
Jones' salad,"‡∏™‡∏•‡∏±‡∏î‡∏≠‡∏Å‡πÄ‡∏õ‡πá‡∏î‡∏£‡∏°‡∏Ñ‡∏ß‡∏±‡∏ô
(Smoked Duck Salad with Japanese Soy Sauce Dressing)",,182,salad
Jones' salad,"‡∏™‡∏õ‡∏≤‡πÄ‡∏Å‡∏ï‡∏ï‡∏µ‡πâ‡∏ú‡∏±‡∏î‡∏û‡∏£‡∏¥‡∏Å ‡πÄ‡∏ö‡∏Ñ‡∏≠‡∏ô ‡πÅ‡∏•‡∏∞‡πÑ‡∏Ç‡πà‡∏Å‡∏∏‡πâ‡∏á
(Spicy Spaghetti with Chili and Bacon Ebiko)",,,
Jones' salad,"‡∏™‡∏õ‡∏≤‡πÄ‡∏Å‡πá‡∏ï‡∏ï‡∏µ‡πâ‡∏Ñ‡∏≤‡πÇ‡∏ö‡∏ô‡∏≤‡∏£‡πà‡∏≤‡πÄ‡∏ö‡∏Ñ‡∏≠‡∏ô
(Bacon Spaghetti Carbonara with Onsen Egg)",,209,
Jones' salad,"‡∏™‡∏õ‡∏≤‡πÄ‡∏Å‡πá‡∏ï‡∏ï‡∏µ‡πâ ‡πÄ‡∏ö‡∏Ñ‡∏≠‡∏ô‡πÇ‡∏£‡πÄ‡∏ã‡πà 
(Bacon Rose Spaghetti)",,209,
Jones' salad,"‡∏™‡∏õ‡∏≤‡πÄ‡∏Å‡πá‡∏ï‡∏ï‡∏µ‡πâ ‡∏ú‡∏±‡∏Å‡πÇ‡∏Ç‡∏°‡πÅ‡∏•‡∏∞‡πÄ‡∏´‡πá‡∏î
(Creamy white sauce spaghetti with spinach and mushroom)",,187,
Jones' salad,"‡∏Ç‡πâ‡∏≤‡∏ß‡∏´‡∏ô‡πâ‡∏≤‡∏≠‡∏Å‡πÑ‡∏Å‡πà‡πÑ‡∏ß‡∏Å‡∏¥‡πâ‡∏á
(Viking Chicken Breast Poke with Hot Mayo Sauce)",,187,rice
Ohkajhu,"‡∏™‡∏•‡∏±‡∏î‡∏Ç‡πâ‡∏≤‡∏ß‡∏¢‡∏≥‡πÅ‡∏•‡∏∞‡∏Ñ‡∏ß‡∏¥‡∏ô‡∏±‡∏ß
(Spicy rice salad)",,218,salad
Ohkajhu,"‡∏Ç‡πâ‡∏≤‡∏ß‡∏ú‡∏±‡∏î‡∏ô‡πâ‡∏≥‡∏û‡∏£‡∏¥‡∏Å‡∏´‡∏ô‡∏∏‡πà‡∏°‡∏´‡∏°‡∏π‡∏ó‡∏≠‡∏î‡∏á‡∏≤‡∏Ç‡∏≤‡∏ß
(Green chili paste rice serve with fried pork)",,217,rice
Ohkajhu,"‡∏Ç‡πâ‡∏≤‡∏ß‡∏ã‡∏µ‡πà‡πÇ‡∏Ñ‡∏£‡∏á‡∏´‡∏°‡∏π‡∏≠‡∏ö‡∏™‡∏±‡∏ö‡∏õ‡∏∞‡∏£‡∏î
(Pineapple glazed roasted pork spare rib with rice)",,194,rice
Ohkajhu,"‡∏Ç‡πâ‡∏≤‡∏ß‡πÑ‡∏Ç‡πà‡πÄ‡∏à‡∏µ‡∏¢‡∏ß‡πÅ‡∏ã‡∏•‡∏°‡∏≠‡∏ô‡∏™‡∏°‡∏∏‡∏ô‡πÑ‡∏û‡∏£‡πÑ‡∏£‡πâ‡∏ô‡πâ‡∏≥‡∏°‡∏±‡∏ô
(Rice with fried egg and salmon oil free)",,229,rice
Ohkajhu,"‡∏™‡∏õ‡∏≤‡πÄ‡∏Å‡∏ï‡∏ï‡∏µ‡πâ‡∏ó‡∏π‡∏ô‡πà‡∏≤‡∏ï‡πâ‡∏°‡∏¢‡∏≥‡πÅ‡∏´‡πâ‡∏á
(Spicy tuna spaghetti)",,264,noodle
Ohkajhu,"‡∏Ç‡πâ‡∏≤‡∏ß‡∏Ñ‡∏≠‡∏´‡∏°‡∏π‡∏¢‡πà‡∏≤‡∏á‡∏Ñ‡∏±‡πà‡∏ß‡∏Å‡∏£‡∏∞‡πÄ‡∏ó‡∏µ‡∏¢‡∏°‡∏û‡∏£‡∏¥‡∏Å‡πÄ‡∏Å‡∏•‡∏∑‡∏≠
(Green chili paste rice serve with fried pork)",,205,rice
Thong smith,"E3 ‡∏ô‡πâ‡∏≥‡∏ï‡∏Å‡∏´‡∏°‡∏π‡∏ï‡∏∏‡πã‡∏ô
(Braised pork, pork ball and sliced pork)",,179,noodle
Thong smith,"D3 ‡∏ô‡πâ‡∏≥‡∏ï‡∏Å‡πÄ‡∏ô‡∏∑‡πâ‡∏≠‡∏ï‡∏∏‡πã‡∏ô
(Braised shan, tendon, beef ball and sliced beef)",,199,noodle
Pla see som,"‡πÅ‡∏ã‡∏•‡∏°‡∏≠‡∏ô ‡∏ö‡∏¥‡∏ö‡∏¥‡∏°‡∏ö‡∏±‡∏ö
(Salmon Bibimbap)",,249,rice
Pla see som,"‡πÅ‡∏ã‡∏•‡∏°‡∏≠‡∏ô ‡∏¢‡∏≥‡πÑ‡∏Ç‡πà‡∏ô‡∏±‡∏ß‡πÅ‡∏î‡∏á
(Spicy Salmon)",,249,yum
Pla see som,"‡πÅ‡∏ã‡∏•‡∏°‡∏≠‡∏ô‡πÇ‡∏£‡∏•‡πÄ‡∏ö‡∏¥‡∏£‡πå‡∏ô‡πÑ‡∏ü‡∏ã‡∏Æ‡∏™‡∏™‡πÑ‡∏õ‡∏ã‡∏µ‡πà
(Salmon spicy roll)",,249,sushi
Pla see som,"‡∏õ‡∏•‡∏≤‡∏™‡∏µ‡∏™‡πâ‡∏°‡∏Ç‡πâ‡∏≤‡∏ß‡πÑ‡∏Ç‡πà‡∏î‡∏≠‡∏á‡∏ã‡∏µ‡∏≠‡∏¥‡πã‡∏ß
(Salmon Rice with Preserved Egg in Soy Sauce)",,249,rice
Pla see som,"‡πÅ‡∏ã‡∏•‡∏°‡∏≠‡∏ô ‡∏¢‡∏≥‡∏ï‡∏∞‡πÑ‡∏Ñ‡∏£‡πâ‡∏û‡∏£‡∏¥‡∏Å‡πÄ‡∏ú‡∏≤
(Yum lemongrass salmon)",,249,yum
song fa,"‡∏Ç‡πâ‡∏≤‡∏ß‡πÄ‡∏õ‡∏•‡πà‡∏≤
(rice)",,30,rice
song fa,"‡∏Ç‡πâ‡∏≤‡∏ß‡∏ï‡πâ‡∏°‡∏´‡∏°‡∏π‡∏ã‡∏á‡∏ü‡∏≤
(Boiled rice with minced pork)",,240,
song fa,"‡∏ã‡∏∏‡∏õ‡∏ã‡∏µ‡πà‡πÇ‡∏Ñ‡∏£‡∏á‡∏´‡∏°‡∏π (‡πÄ‡∏•‡πá‡∏Å)
(Loin ribs soup (small))",,265,soup
gugu,White Onion Wing,,189,chicken
gugu,Yang - Nyeom Wing,,179,chicken
Kobe Steakhouse,Pork Steak set,,289,steak
Kobe Steakhouse,Beef steak Set,,299,steak
gochujang,"‡∏Ç‡πâ‡∏≤‡∏ß‡∏´‡∏ô‡πâ‡∏≤‡∏´‡∏°‡∏π‡∏ö‡∏π‡∏•‡πÇ‡∏Å‡∏Å‡∏¥
(Bulgogi don)",,165,rice
gochujang,"‡∏ã‡∏∏‡∏õ‡∏Å‡∏¥‡∏°‡∏à‡∏¥
(Kimchi soup)",,129,soup
hoong,"‡∏Ç‡πâ‡∏≤‡∏ß‡∏™‡∏ß‡∏¢‡∏Ñ‡∏≠‡∏´‡∏°‡∏π‡∏¢‡πà‡∏≤‡∏á
(Grilled pork neck steamed rice)",,189,rice
hoong,"‡∏Ç‡πâ‡∏≤‡∏ß‡∏™‡∏ß‡∏¢‡πÑ‡∏Å‡πà‡∏Ñ‡∏≠‡∏°‡πÇ‡∏ö (‡∏ã‡∏π‡∏ß‡∏µ + ‡∏ó‡∏≠‡∏î)
(combo chicken steamed rice)",,169,rice
hoong,"‡∏Ç‡πâ‡∏≤‡∏ß‡∏°‡∏±‡∏ô‡πÑ‡∏Å‡πà‡∏ï‡πâ‡∏°
(Chicken Rice)",,179,rice
hoong,"‡∏Ç‡πâ‡∏≤‡∏ß‡∏°‡∏±‡∏ô‡πÑ‡∏Å‡πà‡∏ó‡∏≠‡∏î
(Fried chicken rice)",,179,rice
Ekkamai Macchiato,"‡∏´‡∏°‡∏π‡∏™‡∏±‡∏ö‡∏´‡∏ô‡∏≥‡πÄ‡∏•‡∏µ‡∏¢‡∏ö
(Minced Pork with Chinese Kale)",,220,rice
Ekkamai Macchiato,"‡∏Ç‡πâ‡∏≤‡∏ß‡∏Ñ‡∏≠‡∏´‡∏°‡∏π‡∏ó‡∏≠‡∏î‡∏ô‡πâ‡∏≥‡∏õ‡∏•‡∏≤‡πÑ‡∏Ç‡πà‡∏î‡∏≤‡∏ß
(Fried Pork Neck with Fish Sauce and sunny side up on Rice)",,220,rice
Ekkamai Macchiato,"‡∏Ç‡πâ‡∏≤‡∏ß‡∏Å‡∏∏‡πâ‡∏á‡∏Ñ‡∏±‡πà‡∏ß‡∏û‡∏£‡∏¥‡∏Å‡πÄ‡∏Å‡∏•‡∏∑‡∏≠
(Shrimp Fried with Salt, Chili and sunny side up on Rice)",,370,rice
Ekkamai Macchiato,"‡∏Ç‡πâ‡∏≤‡∏ß‡∏Å‡∏∞‡πÄ‡∏û‡∏£‡∏≤‡∏´‡∏°‡∏π‡∏™‡∏±‡∏ö‡πÑ‡∏Ç‡πà‡∏î‡∏≤‡∏ß
(Rice topped with stir-fried minced pork and basil + sunny side up)",,205,rice
S&P,"‡∏Ç‡πâ‡∏≤‡∏ß‡∏´‡∏ô‡πâ‡∏≤‡πÑ‡∏Å‡πà‡∏¢‡πà‡∏≤‡∏á‡πÄ‡∏ó‡∏≠‡∏£‡∏¥‡∏¢‡∏≤‡∏Å‡∏¥
(Chicken Teriyaki on rice)",,165,rice
S&P,"‡∏Ç‡πâ‡∏≤‡∏ß‡∏Ñ‡∏•‡∏∏‡∏Å‡∏Å‡∏∞‡∏õ‡∏¥
(Shrimp Paste Fried Rice)",,185,rice
S&P,"‡∏Ç‡πâ‡∏≤‡∏ß‡∏Å‡∏∏‡πâ‡∏á‡∏ú‡∏±‡∏î‡∏û‡∏£‡∏¥‡∏Å‡∏Ç‡∏µ‡πâ‡∏´‡∏ô‡∏π‡πÑ‡∏Ç‡πà‡∏ô‡∏∏‡πà‡∏°
(Soft omelet on rice with garlic & chilli prawns)",,175,rice
S&P,"‡∏Ç‡πâ‡∏≤‡∏ß‡∏ú‡∏±‡∏î‡∏õ‡∏π
(Crab fried rice)",,178,rice
S&P,"‡∏Ç‡πâ‡∏≤‡∏ß‡∏ã‡∏≠‡∏¢‡∏ô‡πà‡∏≠‡∏á‡πÑ‡∏Å‡πà
(Nothern style curry noodle w/ chicken drumstick)",,165,noodle
S&P,"‡∏Ç‡πâ‡∏≤‡∏ß‡πÑ‡∏Å‡πà‡∏≠‡∏ö
(Rice w/ Roast chicken)",,205,rice
S&P,"‡∏ä‡∏∏‡∏î‡∏Ç‡πâ‡∏≤‡∏ß‡πÅ‡∏Å‡∏á‡πÄ‡∏Ç‡∏µ‡∏¢‡∏ß‡∏´‡∏ß‡∏≤‡∏ô
(soft omelet w/chicken green curry + shrimp roe dimsum)",,215,rice
easy buddy,"‡∏Ç‡πâ‡∏≤‡∏ß‡∏£‡∏≤‡∏î‡∏Å‡∏£‡∏∞‡πÄ‡∏ó‡∏µ‡∏¢‡∏°‡∏û‡∏£‡∏¥‡∏Å‡πÑ‡∏ó‡∏¢‡∏Å‡∏∏‡πâ‡∏á
(Stir-fried prawns with garlic & pepper)",,288,"rice, shrimp"
easy buddy,"‡∏Ç‡πâ‡∏≤‡∏ß‡∏£‡∏≤‡∏î‡∏Å‡∏∞‡πÄ‡∏û‡∏£‡∏≤‡∏´‡∏°‡∏π‡∏Å‡∏£‡∏≠‡∏ö
(Stir-fried crispy pork with holy basil)",,288,"rice, pork"
easy buddy,"‡∏Ç‡πâ‡∏≤‡∏ß‡∏£‡∏≤‡∏î‡∏Å‡∏∞‡πÄ‡∏û‡∏£‡∏≤‡πÄ‡∏ô‡∏∑‡πâ‡∏≠ USDA ‡∏™‡∏±‡∏ö
(Stir-fried minced USDA beef with holy)",,224,"rice, beef"
rosaniyom,"‡∏Ç‡πâ‡∏≤‡∏ß‡∏Ñ‡∏•‡∏∏‡∏Å‡∏Å‡∏∞‡∏õ‡∏¥
(Thai shrimp paste fried rice with sweet pork and assorted condiments)",,179,
rosaniyom,"‡πÑ‡∏™‡πâ‡∏≠‡∏±‡πà‡∏ß‡∏•‡∏≥‡∏õ‡∏≤‡∏á & ‡∏Ç‡πâ‡∏≤‡∏ß‡πÄ‡∏´‡∏ô‡∏µ‡∏¢‡∏ß‡∏ô‡∏∏‡πà‡∏°
(Northern Thai ausage & sticky rice)",,165,
rosaniyom,"‡∏Ç‡πâ‡∏≤‡∏ß‡∏£‡∏≤‡∏î‡∏Å‡∏∞‡πÄ‡∏û‡∏£‡∏≤‡∏´‡∏°‡∏π‡∏™‡∏±‡∏ö ‡πÑ‡∏°‡πà‡∏£‡∏ß‡∏°‡πÑ‡∏Ç‡πà‡∏î‡∏≤‡∏ß
(Rice topped with stir-fried minced pork and basil)",,169,
rosaniyom,"‡∏Ç‡πâ‡∏≤‡∏ß‡∏£‡∏≤‡∏î‡∏Å‡∏∞‡πÄ‡∏û‡∏£‡∏≤‡∏´‡∏°‡∏π‡∏Å‡∏£‡∏≠‡∏ö ‡πÑ‡∏°‡πà‡∏£‡∏ß‡∏°‡πÑ‡∏Ç‡πà‡∏î‡∏≤‡∏ß
(Rice topped with stir-fried crispy pork and basil)",,195,
rosaniyom,"‡∏Ç‡πâ‡∏≤‡∏ß‡∏£‡∏≤‡∏î‡∏Å‡∏∞‡πÄ‡∏û‡∏£‡∏≤‡∏ó‡∏∞‡πÄ‡∏•‡∏£‡∏ß‡∏° ‡πÑ‡∏°‡πà‡∏£‡∏ß‡∏°‡πÑ‡∏Ç‡πà‡∏î‡∏≤‡∏ß
(Rice topped with stir-fried seafood and basil)",,250,
rosaniyom,"‡∏Ç‡πâ‡∏≤‡∏ß‡∏£‡∏≤‡∏î‡∏Å‡∏∞‡πÄ‡∏û‡∏£‡∏≤‡πÄ‡∏ô‡∏∑‡πâ‡∏≠‡∏ô‡∏∏‡πà‡∏° ‡∏£‡∏≤‡∏Ñ‡∏≤‡πÑ‡∏°‡πà‡∏£‡∏ß‡∏°‡πÑ‡∏Ç‡πà‡∏î‡∏≤‡∏ß
(Rice topped with stir-fried tendered beef and basil)",,220,
rosaniyom,"‡∏Ç‡πâ‡∏≤‡∏ß‡∏£‡∏≤‡∏î‡∏Å‡∏∞‡πÄ‡∏û‡∏£‡∏≤‡πÄ‡∏ô‡∏∑‡πâ‡∏≠‡∏ß‡∏≤‡∏Å‡∏¥‡∏ß‡∏™‡∏±‡∏ö ‡∏£‡∏≤‡∏Ñ‡∏≤‡πÑ‡∏°‡πà‡∏£‡∏ß‡∏°‡πÑ‡∏Ç‡πà‡∏î‡∏≤‡∏ß
(Rice topped with stir-fried minced Wagyu and basil)",,269,
rosaniyom,"‡∏Ç‡πâ‡∏≤‡∏ß‡∏£‡∏≤‡∏î‡∏Å‡∏∞‡πÄ‡∏û‡∏£‡∏≤‡∏Å‡∏∏‡πâ‡∏á‡∏™‡∏±‡∏ö
(Rice topped with stir-fried minced shrimp and basil)",,179,
rosaniyom,"‡∏Å‡πã‡∏ß‡∏¢‡πÄ‡∏ï‡∏µ‡πã‡∏¢‡∏ß‡∏ï‡πâ‡∏°‡∏¢‡∏≥‡∏™‡∏∏‡πÇ‡∏Ç‡∏ó‡∏±‡∏¢‡πÑ‡∏Ç‡πà‡∏°‡∏∞‡∏ï‡∏π‡∏°
(Sukhothai noodles with soft-boiled egg in spicy soup)",,169,
rosaniyom,"‡∏Å‡πã‡∏ß‡∏¢‡∏à‡∏±‡πä‡∏ö‡πÑ‡∏ó‡∏¢ (‡∏ô‡πâ‡∏≥‡∏Ç‡πâ‡∏ô)
(Rolled rice paper noodle with crispy pork, mix pork entrails and egg in brown soup)",,179,
rosaniyom,"‡∏Ç‡πâ‡∏≤‡∏ß‡∏ã‡∏≠‡∏¢‡πÑ‡∏Å‡πà‡πÄ‡∏ß‡∏µ‡∏¢‡∏á‡∏û‡∏¥‡∏á‡∏Ñ‡πå
Northern style egg noodles with chicken curry (Kao-soi)",,189,
rosaniyom,"‡∏ö‡∏∞‡∏´‡∏°‡∏µ‡πà‡πÄ‡∏Å‡∏µ‡πä‡∏¢‡∏ß
(Egg noodles with dumpling)",,169,
rosaniyom,"‡∏¢‡∏≥‡∏Ç‡∏ô‡∏°‡∏à‡∏µ‡∏ô‡∏õ‡∏•‡∏≤‡∏ó‡∏π‡∏´‡∏°‡∏π‡∏¢‡∏≠
(Spicy fermented rice noodle salad with fried mackerel and Vietnamese sausage)",,189,
rosaniyom,"‡∏Å‡πã‡∏ß‡∏¢‡πÄ‡∏ï‡∏µ‡πã‡∏¢‡∏ß‡∏Ñ‡∏±‡πà‡∏ß‡πÑ‡∏Å‡πà
(Stir-fried wide rice noodles with chicken, egg and crisp squid pickled)",,169,
rosaniyom,"‡πÄ‡∏™‡πâ‡∏ô‡∏´‡∏°‡∏µ‡πà‡∏ú‡∏±‡∏î‡∏ú‡∏±‡∏Å‡∏Å‡∏£‡∏∞‡πÄ‡∏â‡∏î
(Stir-fried rice vermicelli and water mimosa)",,220,
rosaniyom,"‡πÄ‡∏™‡πâ‡∏ô‡πÉ‡∏´‡∏ç‡πà‡∏ú‡∏±‡∏î‡∏Ç‡∏µ‡πâ‡πÄ‡∏°‡∏≤
(Spicy Stir-fried wide rice noodles)",,169,
rosaniyom,"‡∏Ç‡∏ô‡∏°‡∏à‡∏µ‡∏ô‡πÄ‡∏ß‡∏µ‡∏¢‡∏î‡∏ô‡∏≤‡∏°‡∏ó‡∏£‡∏á‡πÄ‡∏Ñ‡∏£‡∏∑‡πà‡∏≠‡∏á
(Fermented rice noodles and mixed vegetable with sweet & sour sauce)",,169,
rosaniyom,"‡∏Ç‡∏ô‡∏°‡∏à‡∏µ‡∏ô & ‡πÅ‡∏Å‡∏á‡πÄ‡∏Ç‡∏µ‡∏¢‡∏ß‡∏´‡∏ß‡∏≤‡∏ô
(Green curry)",,169,
rosaniyom,"‡∏Ç‡∏ô‡∏°‡∏à‡∏µ‡∏ô‡∏ô‡πâ‡∏≥‡∏¢‡∏≤‡∏õ‡∏±‡∏Å‡∏©‡πå‡πÉ‡∏ï‡πâ & ‡∏ú‡∏±‡∏Å‡∏™‡∏î
(Fermented noodles with Southern fish curry suace & vegetables)",,179,
rosaniyom,"‡∏Ç‡πâ‡∏≤‡∏ß & ‡∏û‡∏∞‡πÅ‡∏ô‡∏á
(Red curry served with rice)",,179,
rosaniyom,"‡∏Ç‡πâ‡∏≤‡∏ß‡∏´‡∏°‡∏π‡πÅ‡∏î‡∏á ‡∏´‡∏°‡∏π‡∏Å‡∏£‡∏≠‡∏ö
(Rice topped with BBQ pork and crispy pork)",,169,
rosaniyom,"‡∏Ç‡πâ‡∏≤‡∏ß & ‡∏ô‡πà‡∏≠‡∏á‡πÑ‡∏Å‡πà‡∏ï‡∏∏‡πã‡∏ô‡∏Ñ‡∏≤‡∏£‡∏≤‡πÄ‡∏°‡∏• ‡πÑ‡∏Ç‡πà‡∏û‡∏∞‡πÇ‡∏•‡πâ
(Steamed chicken in caramel soup and seasoned hard boiled egg served with rice)",,189,
rosaniyom,"‡∏Ç‡πâ‡∏≤‡∏ß & ‡∏Ç‡∏≤‡∏´‡∏°‡∏π ‡πÑ‡∏Ç‡πà‡∏û‡∏∞‡πÇ‡∏•‡πâ
(Pork knuckle stew and seasoned hard boiled egg served with rice)",,195,
rosaniyom,"‡∏Ç‡πâ‡∏≤‡∏ß‡∏£‡∏≤‡∏î‡∏ú‡∏±‡∏î‡∏Ñ‡∏∞‡∏ô‡πâ‡∏≤‡∏´‡∏°‡∏π‡∏Å‡∏£‡∏≠‡∏ö
(Rice topped with stir-fried crispy pork and kale)",,189,
rosaniyom,"‡∏Ç‡πâ‡∏≤‡∏ß‡∏´‡∏°‡∏π‡∏ó‡∏≠‡∏î‡∏Å‡∏£‡∏∞‡πÄ‡∏ó‡∏µ‡∏¢‡∏°
(Rice topped with fried pork with garlic)",,169,
rosaniyom,"‡∏Ç‡πâ‡∏≤‡∏ß & ‡∏ô‡πâ‡∏≥‡∏û‡∏£‡∏¥‡∏Å‡∏Å‡∏∞‡∏õ‡∏¥‡∏õ‡∏•‡∏≤‡∏ó‡∏π‡∏ó‡∏≠‡∏î
(Rice with spicy shrimp paste served with fried mackerel and vegetables)",,185,
Salad Factory,"BLT Wrap
(Bacon / Cheese / Egg / Tomato / Mixed Salad / Mayonnaise)",,169,
Salad Factory,"Teriyaki Salmon kirimi Salad Wrap
(Salmon / Seaweed Salad / Pineapple / Tomato / Onion / Carrot / Mixed Salad)",,229,
Salad Factory,"Japanese-Style Grilled Pork Salad with Sesame Dressing
",,170,
Salad Factory,Grilled pork with Crispy Herb Garden Salad and Sweet Basil Dressing,,180,
Salad Factory,Japanese-Style Deep Fried Pork Salad with Sesame Dressing,,170,
Salad Factory,Japanese-Style Grilled Chicken Breast Salad with Sesame Dressing,,160,
Salad Factory,"""The Factory"" Shrimp and Chicken Greek Salad with Red Wine Dressing",,200,
Salad Factory,Garden Salad with Crispy Shrimp and Cream Dressing,,260,
Salad Factory,The Factory Healthy Salad with a Choice of Sweet Basil / Japaness Shoyu Dressing,,155,
Salad Factory,Quinoa Salad with Grilled Chicken Breast and Sesame Dressing,,215,
Salad Factory,Quinoa Salad with Grilled Chicken Breast and Spicy Holy Basil,,215,
Salad Factory,Rocket Salad with Smoked Duck Breast and Balsamic,,240,
Salad Factory,Rocket Salad with Mixed Mushrooms and Balsamic,,150,
Salad Factory,Rocket Salad with Stir-fried Korean Pork and Balsamic,,180,